18071,20000
18071,19999.9
17784,19999.7
8861,19999.4
13254,19998.9
21740,19998.3
19796,19997.6
14667,19996.7
14667,19995.7
39791,19994.6
39951,19993.3
30123,19991.9
30123,19990.4
5658,19988.7
19057,19986.9
19057,19985
33991,19982.9
33991,19980.8
33991,19978.4
33663,19976
41438,19973.4
57077,19970.6
57077,19967.8
80179,19964.8
94971,19961.7
105591,19958.4
105591,19955
89455,19951.5
89455,19947.9
76764,19944.1
82884,19940.2
102296,19936.1
102296,19932
102296,19927.7
102296,19923.2
102296,19918.7
132417,19914
138874,19909.1
121339,19904.2
121339,19899.1
129202,19893.9
129202,19888.6
141984,19883.1
162725,19877.5
162725,19871.8
162725,19865.9
151958,19859.9
139778,19853.8
135222,19847.6
124456,19841.2
124456,19834.7
124456,19828.1
121437,19821.3
121437,19814.5
130771,19807.5
130771,19800.3
167232,19793.1
144858,19785.7
144858,19778.2
102348,19770.6
102348,19762.8
115255,19755
115255,19747
120595,19738.9
134035,19730.6
116756,19722.2
116756,19713.8
116756,19705.1
116756,19696.4
116756,19687.6
129270,19678.6
129270,19669.5
129270,19660.3
105944,19650.9
105944,19641.5
105944,19631.9
105944,19622.2
105944,19612.4
105944,19602.5
122265,19592.4
102289,19582.2
102289,19572
101690,19561.6
65855,19551
65855,19540.4
77358,19529.7
77358,19518.8
77358,19507.8
77358,19496.7
87545,19485.5
87785,19474.2
101217,19462.8
99971,19451.2
126965,19439.6
126965,19427.8
123903,19415.9
123903,19403.9
123903,19391.8
123903,19379.6
121758,19367.3
114094,19354.8
114052,19342.3
164032,19329.6
164032,19316.9
164032,19304
164032,19291.1
164032,19278
164032,19264.8
163856,19251.5
163856,19238.1
133613,19224.6
133613,19211
133660,19197.3
158227,19183.5
158227,19169.6
206102,19155.6
171180,19141.4
171180,19127.2
171180,19112.9
171180,19098.5
171180,19084
171180,19069.4
171180,19054.6
171180,19039.8
175187,19024.9
175187,19009.9
175187,18994.8
175187,18979.6
200977,18964.3
200977,18948.9
200977,18933.4
205903,18917.8
243986,18902.2
243986,18886.4
280742,18870.5
280742,18854.6
280742,18838.5
326952,18822.4
326952,18806.2
326952,18789.9
326952,18773.5
326952,18757
326952,18740.4
326952,18723.7
326952,18707
358100,18690.1
343029,18673.2
343029,18656.2
343029,18639.1
343029,18621.9
343029,18604.7
311506,18587.3
311506,18569.9
311506,18552.4
284694,18534.8
284694,18517.1
284694,18499.3
284694,18481.5
284694,18463.6
284694,18445.6
284694,18427.5
284694,18409.4
284694,18391.1
284694,18372.8
284694,18354.5
284694,18336
296214,18317.5
296214,18298.9
292323,18280.2
292323,18261.4
292323,18242.6
281347,18223.7
281347,18204.8
281347,18185.7
281347,18166.6
281347,18147.4
281347,18128.2
281347,18108.9
309703,18089.5
309703,18070.1
358264,18050.5
358264,18031
385640,18011.3
413093,17991.6
413093,17971.8
414404,17952
414404,17932.1
414404,17912.1
414404,17892.1
414404,17872
414404,17851.8
414404,17831.6
414404,17811.3
391857,17791
391857,17770.6
377680,17750.2
377680,17729.7
387985,17709.1
387985,17688.5
387985,17667.8
387985,17647.1
387985,17626.3
387985,17605.4
387985,17584.5
391994,17563.6
391994,17542.6
376554,17521.5
376554,17500.4
425255,17479.3
425255,17458
425255,17436.8
425255,17415.5
425255,17394.1
425255,17372.7
425255,17351.3
425255,17329.8
571126,17308.2
571126,17286.6
571126,17265
571126,17243.3
570806,17221.6
570806,17199.8
570806,17178
570273,17156.1
570273,17134.2
570273,17112.3
570273,17090.3
570273,17068.3
570273,17046.2
570273,17024.1
570273,17002
570273,16979.8
570273,16957.6
570273,16935.3
570273,16913
606582,16890.7
606582,16868.3
606582,16845.9
606582,16823.5
606582,16801
606582,16778.5
622892,16756
622892,16733.4
622892,16710.8
622892,16688.2
622892,16665.5
622892,16642.8
622892,16620.1
622892,16597.3
622892,16574.5
622892,16551.7
622892,16528.9
622892,16506
622892,16483.1
622892,16460.2
622892,16437.2
622892,16414.3
622892,16391.2
622892,16368.2
622892,16345.2
622892,16322.1
622892,16299
622892,16275.9
622892,16252.7
622892,16229.6
622892,16206.4
622892,16183.2
622892,16159.9
622892,16136.7
622892,16113.4
622892,16090.1
622892,16066.8
622892,16043.5
622892,16020.1
622892,15996.8
622892,15973.4
641760,15950
641760,15926.6
641760,15903.1
641760,15879.7
641760,15856.2
641760,15832.8
641760,15809.3
641760,15785.8
641760,15762.3
641760,15738.7
641760,15715.2
641760,15691.6
641760,15668.1
641760,15644.5
641760,15620.9
641760,15597.3
641760,15573.7
641760,15550.1
641760,15526.5
641760,15502.9
641760,15479.2
641760,15455.6
641760,15431.9
641760,15408.3
641760,15384.6
641760,15360.9
641760,15337.3
641760,15313.6
641760,15289.9
641760,15266.2
641760,15242.5
641760,15218.8
701484,15195.1
701484,15171.4
701484,15147.7
701484,15124
701484,15100.3
701484,15076.6
701484,15052.8
701484,15029.1
701484,15005.4
701484,14981.7
701484,14958
701484,14934.3
686294,14910.5
686294,14886.8
686294,14863.1
686294,14839.4
686294,14815.7
683469,14792
683469,14768.3
683469,14744.6
683469,14720.9
683469,14697.2
683469,14673.5
683469,14649.8
683469,14626.2
683469,14602.5
683469,14578.8
683469,14555.2
683469,14531.5
683469,14507.9
683469,14484.2
683469,14460.6
683469,14437
683469,14413.3
683469,14389.7
683469,14366.1
683469,14342.5
683469,14319
683469,14295.4
683469,14271.8
683469,14248.3
683469,14224.7
683469,14201.2
683469,14177.7
683469,14154.1
683469,14130.6
683469,14107.2
683469,14083.7
683469,14060.2
683469,14036.8
683469,14013.3
683469,13989.9
683469,13966.5
683469,13943.1
683469,13919.7
683469,13896.3
683469,13873
683469,13849.6
683469,13826.3
652320,13803
652320,13779.7
652320,13756.4
652320,13733.1
652320,13709.9
652320,13686.6
652320,13663.4
652320,13640.2
652320,13617
652320,13593.9
732937,13570.7
732937,13547.6
732937,13524.4
732937,13501.4
732937,13478.3
732937,13455.2
732937,13432.2
732937,13409.1
732937,13386.1
732937,13363.1
732937,13340.2
732937,13317.2
732937,13294.3
732937,13271.4
732937,13248.5
732937,13225.6
732937,13202.8
732937,13180
732937,13157.2
732937,13134.4
732937,13111.6
732937,13088.9
732937,13066.2
732937,13043.5
732937,13020.8
732937,12998.2
732937,12975.5
739066,12952.9
739066,12930.3
739066,12907.8
739066,12885.2
739066,12862.7
739066,12840.2
739066,12817.8
739066,12795.3
739066,12772.9
739066,12750.5
739066,12728.2
739066,12705.8
739066,12683.5
739066,12661.2
739066,12638.9
739066,12616.7
739066,12594.5
739066,12572.3
739066,12550.1
739066,12528
739066,12505.8
739066,12483.7
739066,12461.7
739066,12439.6
739066,12417.6
739066,12395.6
739066,12373.7
739066,12351.8
739066,12329.8
739066,12308
739066,12286.1
739066,12264.3
739066,12242.5
739066,12220.7
739066,12199
739066,12177.3
739066,12155.6
739066,12133.9
739066,12112.3
739066,12090.7
739066,12069.1
739066,12047.6
739066,12026.1
758012,12004.6
758012,11983.1
758012,11961.7
772832,11940.3
772832,11918.9
772832,11897.6
772832,11876.3
772832,11855
772832,11833.7
772832,11812.5
772832,11791.3
772832,11770.2
772832,11749
772832,11727.9
772832,11706.8
772832,11685.8
772832,11664.8
772832,11643.8
772832,11622.8
772832,11601.9
772832,11581
772832,11560.2
772832,11539.3
772832,11518.5
772832,11497.8
795218,11477
795218,11456.3
795218,11435.6
795218,11415
795218,11394.4
795218,11373.8
795218,11353.2
795218,11332.7
795218,11312.2
795218,11291.8
795218,11271.3
795218,11250.9
795218,11230.6
795218,11210.2
795218,11189.9
795218,11169.7
795218,11149.4
795218,11129.2
795218,11109.1
795218,11088.9
795218,11068.8
795218,11048.7
795218,11028.7
795218,11008.7
795218,10988.7
795218,10968.7
795218,10948.8
795218,10928.9
795218,10909.1
795218,10889.3
795218,10869.5
777255,10849.7
777255,10830
777255,10810.3
777255,10790.7
777255,10771
777255,10751.5
777255,10731.9
777255,10712.4
777255,10692.9
777255,10673.4
777255,10654
777255,10634.6
777255,10615.2
787356,10595.9
787356,10576.6
787356,10557.4
787356,10538.1
787356,10518.9
787356,10499.8
787356,10480.6
787356,10461.5
787356,10442.5
787356,10423.5
787356,10404.5
787356,10385.5
787356,10366.6
787356,10347.7
787356,10328.8
787356,10310
787356,10291.2
780830,10272.4
779656,10253.7
779656,10235
779656,10216.3
779656,10197.7
779656,10179.1
779656,10160.5
779656,10142
779656,10123.5
779656,10105
812421,10086.6
812421,10068.2
812421,10049.8
812421,10031.5
812421,10013.2
812421,9994.94
812421,9976.7
812421,9958.51
812421,9940.34
812421,9922.21
812421,9904.11
812421,9886.05
812421,9868.02
812421,9850.02
812421,9832.05
812421,9814.12
812421,9796.22
812421,9778.36
812421,9760.53
812421,9742.73
812421,9724.96
812421,9707.23
812421,9689.53
812421,9671.87
812421,9654.23
812421,9636.63
812421,9619.07
812421,9601.54
812421,9584.04
812421,9566.57
812421,9549.14
812421,9531.74
812421,9514.37
812421,9497.04
812421,9479.74
812421,9462.47
812421,9445.23
812421,9428.03
812421,9410.86
812421,9393.73
812421,9376.63
812421,9359.56
812421,9342.52
812421,9325.52
812421,9308.55
812421,9291.61
812421,9274.7
812421,9257.83
812421,9240.99
812421,9224.18
812421,9207.41
812421,9190.67
812421,9173.96
812421,9157.29
812421,9140.64
812421,9124.03
812421,9107.45
812421,9090.91
812421,9074.4
812421,9057.92
812421,9041.47
812421,9025.05
812421,9008.67
812421,8992.32
812421,8976
812421,8959.72
812421,8943.46
812421,8927.24
812421,8911.05
812421,8894.9
812421,8878.77
812421,8862.68
812421,8846.62
812421,8830.59
812421,8814.6
812421,8798.63
813595,8782.7
813595,8766.8
813595,8750.94
813595,8735.1
813595,8719.3
813595,8703.52
813595,8687.78
813595,8672.07
813595,8656.4
813595,8640.75
813595,8625.14
813595,8609.56
813595,8594.01
813595,8578.49
813595,8563
813595,8547.54
813595,8532.12
813595,8516.73
813595,8501.37
813595,8486.03
813595,8470.74
813595,8455.47
813595,8440.23
813595,8425.03
813595,8409.85
813595,8394.71
813595,8379.6
813595,8364.51
813595,8349.46
813595,8334.44
813595,8319.46
813595,8304.5
813595,8289.57
813595,8274.68
813595,8259.81
813595,8244.97
813595,8230.17
813595,8215.4
813595,8200.65
813595,8185.94
813595,8171.26
813595,8156.61
813595,8141.99
813595,8127.39
813595,8112.83
813595,8098.3
813595,8083.8
813595,8069.33
813595,8054.89
813595,8040.48
813595,8026.1
813595,8011.75
813595,7997.43
813595,7983.14
813595,7968.88
813595,7954.65
813595,7940.45
813595,7926.28
812394,7912.13
812394,7898.02
812394,7883.94
812394,7869.88
812394,7855.86
812394,7841.87
812394,7827.9
812394,7813.97
812394,7800.06
812394,7786.18
812394,7772.33
812394,7758.51
812394,7744.72
812394,7730.96
812394,7717.23
812394,7703.53
812394,7689.85
812394,7676.21
812394,7662.59
812394,7649
809040,7635.44
809040,7621.91
809040,7608.41
809040,7594.94
809040,7581.49
809040,7568.07
809040,7554.69
809040,7541.33
809040,7527.99
809040,7514.69
809040,7501.42
809040,7488.17
809040,7474.95
809040,7461.76
809040,7448.6
809040,7435.46
809040,7422.35
809040,7409.27
809040,7396.22
809040,7383.2
809040,7370.2
809040,7357.23
809040,7344.29
809040,7331.38
809040,7318.49
809040,7305.63
840380,7292.8
840380,7280
840380,7267.22
840380,7254.47
840380,7241.75
840380,7229.06
840380,7216.39
840380,7203.75
840380,7191.13
840380,7178.54
840380,7165.98
840380,7153.45
840380,7140.94
840380,7128.46
840380,7116.01
840380,7103.58
840380,7091.18
840380,7078.81
840380,7066.46
840380,7054.14
840380,7041.85
840380,7029.58
840380,7017.34
840380,7005.12
840380,6992.93
840380,6980.77
840380,6968.63
840380,6956.52
840380,6944.44
840380,6932.38
840380,6920.34
840380,6908.34
840380,6896.35
840380,6884.4
840380,6872.47
840380,6860.56
840380,6848.68
840380,6836.83
840380,6825
840380,6813.2
840380,6801.42
840380,6789.67
840380,6777.94
840380,6766.24
840380,6754.56
840380,6742.91
840380,6731.28
840380,6719.68
840380,6708.1
840380,6696.55
840380,6685.02
840380,6673.52
840380,6662.04
840380,6650.59
840380,6639.16
840380,6627.75
840380,6616.37
840380,6605.02
840380,6593.69
840380,6582.38
840380,6571.1
840380,6559.84
840380,6548.61
840380,6537.4
840380,6526.22
840380,6515.05
840380,6503.92
840380,6492.8
840380,6481.71
840380,6470.65
840380,6459.61
840380,6448.59
816875,6437.6
816875,6426.63
816875,6415.68
816875,6404.75
816875,6393.86
816875,6382.98
816875,6372.13
816875,6361.3
816875,6350.49
816875,6339.71
816875,6328.95
816875,6318.21
816875,6307.5
816875,6296.81
816875,6286.14
816875,6275.49
816875,6264.87
816875,6254.27
816875,6243.7
816875,6233.14
816875,6222.61
816875,6212.11
816875,6201.62
816875,6191.16
816875,6180.72
816875,6170.3
816875,6159.9
816875,6149.53
816875,6139.18
816875,6128.85
816875,6118.55
816875,6108.26
816875,6098
816875,6087.76
816875,6077.54
816875,6067.35
816875,6057.17
816875,6047.02
816875,6036.89
816875,6026.78
816875,6016.7
816875,6006.63
816875,5996.59
816875,5986.57
816875,5976.57
816875,5966.59
816875,5956.63
816875,5946.69
816875,5936.78
816875,5926.89
816875,5917.01
816875,5907.16
816875,5897.33
816875,5887.52
816875,5877.74
816875,5867.97
816875,5858.23
816875,5848.5
816875,5838.8
816875,5829.11
816875,5819.45
816875,5809.81
816875,5800.19
816875,5790.59
816875,5781.01
816875,5771.45
816875,5761.91
816875,5752.39
816875,5742.9
816875,5733.42
816875,5723.96
816875,5714.53
816875,5705.11
816875,5695.71
816875,5686.34
816875,5676.98
816875,5667.64
816875,5658.33
816875,5649.03
816875,5639.76
816875,5630.5
816875,5621.26
816875,5612.04
816875,5602.85
816875,5593.67
816875,5584.51
816875,5575.37
816875,5566.26
816875,5557.16
816875,5548.08
816875,5539.02
816875,5529.97
816875,5520.95
816875,5511.95
816875,5502.97
816875,5494
816875,5485.06
816875,5476.13
816875,5467.22
816875,5458.34
816875,5449.47
816875,5440.62
816875,5431.79
816875,5422.97
816875,5414.18
816875,5405.41
816875,5396.65
816875,5387.91
816875,5379.19
816875,5370.49
816875,5361.81
816875,5353.15
816875,5344.5
816875,5335.88
816875,5327.27
816875,5318.68
816875,5310.11
816875,5301.55
816875,5293.02
816875,5284.5
816875,5276
816875,5267.52
816875,5259.06
816875,5250.61
816875,5242.18
816875,5233.78
816875,5225.38
816875,5217.01
816875,5208.65
816875,5200.32
816875,5192
816875,5183.69
816875,5175.41
816875,5167.14
816875,5158.89
816875,5150.66
816875,5142.44
816875,5134.24
816875,5126.06
816875,5117.9
816875,5109.75
816875,5101.62
816875,5093.51
816875,5085.42
816875,5077.34
816875,5069.28
816875,5061.24
816875,5053.21
816875,5045.2
816875,5037.21
816875,5029.23
816875,5021.27
816875,5013.33
816875,5005.41
816875,4997.5
816875,4989.6
816875,4981.73
816875,4973.87
816875,4966.03
816875,4958.2
816875,4950.39
816875,4942.6
816875,4934.82
820606,4927.06
820606,4919.32
820606,4911.59
820606,4903.88
820606,4896.18
820606,4888.51
820606,4880.84
820606,4873.2
820606,4865.56
820606,4857.95
820606,4850.35
820606,4842.77
820606,4835.2
820606,4827.65
820606,4820.11
820606,4812.59
820606,4805.09
820606,4797.6
820606,4790.13
820606,4782.67
820606,4775.23
820606,4767.8
820606,4760.39
820606,4753
820606,4745.62
820606,4738.25
820606,4730.91
820606,4723.57
820606,4716.25
820606,4708.95
820606,4701.66
820606,4694.39
820606,4687.13
820606,4679.89
820606,4672.66
820606,4665.45
820606,4658.25
820606,4651.07
820606,4643.91
820606,4636.75
820606,4629.62
820606,4622.49
820606,4615.38
820606,4608.29
820606,4601.21
820606,4594.15
820606,4587.1
820606,4580.07
820606,4573.05
820606,4566.04
820606,4559.05
820606,4552.07
820606,4545.11
820606,4538.16
820606,4531.23
820606,4524.31
820606,4517.41
820606,4510.52
820606,4503.64
820606,4496.78
820606,4489.93
820606,4483.1
820606,4476.28
820606,4469.47
820606,4462.68
820606,4455.9
844101,4449.14
844101,4442.39
844101,4435.65
844101,4428.93
844101,4422.22
844101,4415.53
844101,4408.85
844101,4402.18
844101,4395.53
844101,4388.89
844101,4382.26
844101,4375.65
844101,4369.05
844101,4362.47
844101,4355.89
844101,4349.34
844101,4342.79
844101,4336.26
844101,4329.74
844101,4323.24
844101,4316.75
844101,4310.27
844101,4303.8
844101,4297.35
844101,4290.91
844101,4284.49
844101,4278.07
844101,4271.68
844101,4265.29
844101,4258.92
844101,4252.56
844101,4246.21
844101,4239.88
844101,4233.55
844101,4227.25
844101,4220.95
844101,4214.67
844101,4208.4
844101,4202.14
844101,4195.9
844101,4189.66
844101,4183.44
844101,4177.24
844101,4171.04
844101,4164.86
844101,4158.69
844101,4152.54
844101,4146.39
844101,4140.26
844101,4134.14
844101,4128.04
844101,4121.94
844101,4115.86
844101,4109.79
844101,4103.73
844101,4097.69
844101,4091.65
844101,4085.63
844101,4079.62
844101,4073.63
844101,4067.64
844101,4061.67
844101,4055.71
844101,4049.76
844101,4043.82
844101,4037.9
844101,4031.99
844101,4026.09
844101,4020.2
844101,4014.32
844101,4008.46
844101,4002.6
844101,3996.76
844101,3990.93
844101,3985.11
844101,3979.3
844101,3973.51
844101,3967.73
844101,3961.95
844101,3956.19
844101,3950.45
844101,3944.71
844101,3938.98
844101,3933.27
844101,3927.57
844101,3921.87
844101,3916.19
844101,3910.52
844101,3904.87
844101,3899.22
844101,3893.59
844101,3887.96
844101,3882.35
844101,3876.75
844101,3871.16
844101,3865.58
844101,3860.01
844101,3854.45
844101,3848.91
844101,3843.37
844101,3837.85
844101,3832.34
844101,3826.83
844101,3821.34
844101,3815.86
844101,3810.39
844101,3804.93
844101,3799.49
844101,3794.05
844101,3788.62
844101,3783.21
844101,3777.8
844101,3772.41
844101,3767.02
844101,3761.65
844101,3756.29
844101,3750.94
844101,3745.6
844101,3740.27
844101,3734.95
844101,3729.64
844101,3724.34
844101,3719.05
844101,3713.77
844101,3708.5
844101,3703.24
844101,3698
844101,3692.76
844101,3687.53
844101,3682.32
844101,3677.11
844101,3671.91
844101,3666.73
844101,3661.55
844101,3656.39
844101,3651.23
844101,3646.09
844101,3640.95
844101,3635.83
844101,3630.71
844101,3625.61
844101,3620.51
844101,3615.42
844101,3610.35
844101,3605.28
868459,3600.23
868459,3595.18
868459,3590.15
868459,3585.12
868459,3580.1
868459,3575.1
868459,3570.1
868459,3565.11
868459,3560.14
868459,3555.17
868459,3550.21
868459,3545.26
868459,3540.32
868459,3535.39
868459,3530.47
868459,3525.56
868459,3520.66
868459,3515.77
868459,3510.89
868459,3506.02
868459,3501.15
868459,3496.3
868459,3491.46
868459,3486.62
868459,3481.8
868459,3476.98
868459,3472.17
868459,3467.37
868459,3462.59
868459,3457.81
868459,3453.04
868459,3448.28
868459,3443.52
868459,3438.78
868459,3434.05
868459,3429.32
868459,3424.61
868459,3419.9
868459,3415.21
868459,3410.52
868459,3405.84
868459,3401.17
868459,3396.51
868459,3391.85
868459,3387.21
868459,3382.58
868459,3377.95
868459,3373.33
868459,3368.73
868459,3364.13
868459,3359.54
868459,3354.95
868459,3350.38
868459,3345.82
868459,3341.26
868459,3336.71
868459,3332.18
868459,3327.65
868459,3323.13
868459,3318.61
868459,3314.11
868459,3309.61
868459,3305.13
868459,3300.65
868459,3296.18
868459,3291.72
868459,3287.27
868459,3282.82
868459,3278.39
868459,3273.96
873685,3269.54
873685,3265.13
873685,3260.73
873685,3256.33
873685,3251.95
873685,3247.57
873685,3243.2
873685,3238.84
873685,3234.49
873685,3230.14
873685,3225.8
873685,3221.48
873685,3217.16
873685,3212.84
873685,3208.54
873685,3204.24
873685,3199.96
873685,3195.68
873685,3191.41
873685,3187.14
873685,3182.89
873685,3178.64
873685,3174.4
873685,3170.17
873685,3165.94
873685,3161.73
873685,3157.52
873685,3153.32
873685,3149.13
873685,3144.94
873685,3140.77
873685,3136.6
873685,3132.44
873685,3128.28
873685,3124.14
873685,3120
873685,3115.87
873685,3111.75
873685,3107.63
873685,3103.53
873685,3099.43
873685,3095.34
873685,3091.25
873685,3087.18
873685,3083.11
873685,3079.05
873685,3074.99
873685,3070.94
873685,3066.91
873685,3062.87
873685,3058.85
873685,3054.83
873685,3050.83
873685,3046.82
873685,3042.83
873685,3038.84
873685,3034.86
873685,3030.89
873685,3026.93
873685,3022.97
873685,3019.02
873685,3015.08
873685,3011.14
873685,3007.21
873685,3003.29
873685,2999.38
873685,2995.47
873685,2991.57
873685,2987.68
873685,2983.79
873685,2979.91
873685,2976.04
873685,2972.18
873685,2968.32
873685,2964.47
873685,2960.63
873685,2956.79
873685,2952.97
873685,2949.14
873685,2945.33
873685,2941.52
873685,2937.72
873685,2933.93
873685,2930.14
873685,2926.36
873685,2922.59
873685,2918.82
873685,2915.06
873685,2911.31
873685,2907.56
873685,2903.82
873685,2900.09
873685,2896.37
873685,2892.65
873685,2888.94
873685,2885.23
873685,2881.53
873685,2877.84
873685,2874.16
873685,2870.48
873685,2866.81
873685,2863.14
873685,2859.48
873685,2855.83
873685,2852.19
873685,2848.55
873685,2844.92
873685,2841.29
873685,2837.67
873685,2834.06
873685,2830.45
873685,2826.86
873685,2823.26
873685,2819.68
873685,2816.1
873685,2812.52
873685,2808.96
873685,2805.4
873685,2801.84
873685,2798.29
873685,2794.75
873685,2791.22
873685,2787.69
873685,2784.17
873685,2780.65
873685,2777.14
873685,2773.64
873685,2770.14
873685,2766.65
873685,2763.16
873685,2759.69
873685,2756.21
873685,2752.75
873685,2749.29
873685,2745.83
873685,2742.39
873685,2738.94
873685,2735.51
873685,2732.08
873685,2728.66
873685,2725.24
873685,2721.83
873685,2718.42
873685,2715.03
873685,2711.63
873685,2708.25
873685,2704.87
873685,2701.49
873685,2698.12
873685,2694.76
873685,2691.4
873685,2688.05
873685,2684.71
873685,2681.37
873685,2678.03
873685,2674.71
873685,2671.39
873685,2668.07
873685,2664.76
873685,2661.46
873685,2658.16
873685,2654.87
873685,2651.58
873685,2648.3
873685,2645.03
873685,2641.76
873685,2638.49
873685,2635.24
873685,2631.98
873685,2628.74
873685,2625.5
873685,2622.26
873685,2619.03
873685,2615.81
873685,2612.59
873685,2609.38
873685,2606.17
873685,2602.97
873685,2599.78
873685,2596.59
873685,2593.4
873685,2590.23
873685,2587.05
873685,2583.89
873685,2580.72
873685,2577.57
873685,2574.42
873685,2571.27
873685,2568.13
873685,2565
873685,2561.87
873685,2558.74
873685,2555.63
873685,2552.51
873685,2549.41
873685,2546.3
873685,2543.21
873685,2540.12
873685,2537.03
873685,2533.95
873685,2530.88
873685,2527.81
873685,2524.74
873685,2521.68
873685,2518.63
873685,2515.58
873685,2512.54
873685,2509.5
873685,2506.47
873685,2503.44
873685,2500.42
873685,2497.4
873685,2494.39
873685,2491.38
873685,2488.38
873685,2485.38
873685,2482.39
873685,2479.4
873685,2476.42
873685,2473.45
873685,2470.48
873685,2467.51
873685,2464.55
873685,2461.6
873685,2458.64
873685,2455.7
873685,2452.76
873685,2449.82
873685,2446.89
873685,2443.97
873685,2441.05
873685,2438.13
873685,2435.22
873685,2432.32
873685,2429.42
873685,2426.52
873685,2423.63
873685,2420.74
873685,2417.86
873685,2414.99
873685,2412.12
873685,2409.25
873685,2406.39
873685,2403.53
873685,2400.68
873685,2397.84
873685,2394.99
873685,2392.16
873685,2389.33
873685,2386.5
873685,2383.68
873685,2380.86
873685,2378.04
873685,2375.24
873685,2372.43
873685,2369.63
873685,2366.84
873685,2364.05
873685,2361.27
873685,2358.49
873685,2355.71
873685,2352.94
873685,2350.18
873685,2347.41
873685,2344.66
873685,2341.91
873685,2339.16
873685,2336.42
873685,2333.68
873685,2330.94
873685,2328.22
873685,2325.49
873685,2322.77
873685,2320.06
873685,2317.35
873685,2314.64
873685,2311.94
873685,2309.24
873685,2306.55
873685,2303.86
873685,2301.18
873685,2298.5
873685,2295.82
873685,2293.15
873685,2290.49
873685,2287.83
873685,2285.17
873685,2282.52
873685,2279.87
873685,2277.23
873685,2274.59
873685,2271.95
873685,2269.32
873685,2266.7
873685,2264.07
873685,2261.46
873685,2258.84
873685,2256.24
873685,2253.63
873685,2251.03
873685,2248.44
873685,2245.85
873685,2243.26
873685,2240.68
873685,2238.1
873685,2235.52
873685,2232.95
873685,2230.39
873685,2227.83
873685,2225.27
873685,2222.72
873685,2220.17
873685,2217.62
873685,2215.08
873685,2212.55
873685,2210.01
873685,2207.49
873685,2204.96
873685,2202.44
873685,2199.93
873685,2197.42
873685,2194.91
873685,2192.4
873685,2189.91
873685,2187.41
873685,2184.92
873685,2182.43
873685,2179.95
873685,2177.47
873685,2175
873685,2172.53
873685,2170.06
873685,2167.6
873685,2165.14
873685,2162.69
873685,2160.23
873685,2157.79
873685,2155.35
873685,2152.91
873685,2150.47
873685,2148.04
873685,2145.62
873685,2143.19
873685,2140.77
873685,2138.36
873685,2135.95
873685,2133.54
873685,2131.14
873685,2128.74
873685,2126.34
873685,2123.95
873685,2121.57
873685,2119.18
873685,2116.8
873685,2114.43
873685,2112.05
873685,2109.69
873685,2107.32
873685,2104.96
873685,2102.6
873685,2100.25
873685,2097.9
873685,2095.56
873685,2093.22
873685,2090.88
873685,2088.54
873685,2086.21
873685,2083.89
873685,2081.56
873685,2079.24
873685,2076.93
873685,2074.62
873685,2072.31
873685,2070
873685,2067.7
873685,2065.41
873685,2063.11
873685,2060.82
873685,2058.54
873685,2056.26
873685,2053.98
873685,2051.7
873685,2049.43
873685,2047.16
873685,2044.9
873685,2042.64
873685,2040.38
873685,2038.13
873685,2035.88
873685,2033.63
873685,2031.39
873685,2029.15
873685,2026.92
873685,2024.68
873685,2022.46
873685,2020.23
873685,2018.01
873685,2015.79
873685,2013.58
873685,2011.37
873685,2009.16
873685,2006.96
873685,2004.76
873685,2002.56
873685,2000.37
873685,1998.18
873685,1995.99
873685,1993.81
873685,1991.63
873685,1989.45
873685,1987.28
873685,1985.11
873685,1982.95
873685,1980.78
873685,1978.62
873685,1976.47
873685,1974.32
873685,1972.17
873685,1970.02
873685,1967.88
873685,1965.74
873685,1963.61
873685,1961.48
873685,1959.35
873685,1957.22
873685,1955.1
873685,1952.98
873685,1950.87
873685,1948.75
873685,1946.65
873685,1944.54
873685,1942.44
873685,1940.34
873685,1938.24
873685,1936.15
873685,1934.06
873685,1931.98
873685,1929.9
873685,1927.82
873685,1925.74
873685,1923.67
873685,1921.6
873685,1919.53
873685,1917.47
873685,1915.41
873685,1913.35
873685,1911.3
873685,1909.25
873685,1907.2
873685,1905.16
873685,1903.12
873685,1901.08
873685,1899.05
873685,1897.01
873685,1894.99
873685,1892.96
873685,1890.94
873685,1888.92
873685,1886.91
873685,1884.89
873685,1882.88
873685,1880.88
873685,1878.87
873685,1876.87
873685,1874.88
873685,1872.88
873685,1870.89
873685,1868.91
873685,1866.92
873685,1864.94
873685,1862.96
873685,1860.98
873685,1859.01
873685,1857.04
873685,1855.08
873685,1853.11
873685,1851.15
873685,1849.19
873685,1847.24
873685,1845.29
873685,1843.34
873685,1841.39
873685,1839.45
873685,1837.51
873685,1835.58
873685,1833.64
873685,1831.71
873685,1829.78
873685,1827.86
873685,1825.94
873685,1824.02
873685,1822.1
873685,1820.19
873685,1818.28
873685,1816.37
873685,1814.47
873685,1812.57
873685,1810.67
873685,1808.77
873685,1806.88
873685,1804.99
873685,1803.1
873685,1801.22
873685,1799.34
873685,1797.46
873685,1795.58
873685,1793.71
873685,1791.84
873685,1789.97
873685,1788.11
873685,1786.25
873685,1784.39
873685,1782.53
873685,1780.68
873685,1778.83
873685,1776.98
873685,1775.13
873685,1773.29
873685,1771.45
873685,1769.62
873685,1767.78
873685,1765.95
873685,1764.12
873685,1762.3
873685,1760.48
873685,1758.66
873685,1756.84
873685,1755.02
873685,1753.21
873685,1751.4
873685,1749.6
873685,1747.79
873685,1745.99
873685,1744.19
873685,1742.4
873685,1740.61
873685,1738.82
873685,1737.03
873685,1735.24
873685,1733.46
873685,1731.68
873685,1729.9
873685,1728.13
873685,1726.36
873685,1724.59
873685,1722.82
873685,1721.06
873685,1719.3
873685,1717.54
873685,1715.78
873685,1714.03
873685,1712.28
873685,1710.53
873685,1708.79
873685,1707.04
873685,1705.3
873685,1703.57
873685,1701.83
873685,1700.1
873685,1698.37
873685,1696.64
873685,1694.92
873685,1693.19
873685,1691.47
873685,1689.76
873685,1688.04
873685,1686.33
873685,1684.62
873685,1682.91
873685,1681.21
873685,1679.51
873685,1677.81
873685,1676.11
873685,1674.41
873685,1672.72
873685,1671.03
873685,1669.34
873685,1667.66
873685,1665.98
873685,1664.3
873685,1662.62
873685,1660.95
873685,1659.27
873685,1657.6
873685,1655.94
873685,1654.27
873685,1652.61
873685,1650.95
873685,1649.29
873685,1647.63
873685,1645.98
873685,1644.33
873685,1642.68
873685,1641.04
873685,1639.39
873685,1637.75
873685,1636.11
873685,1634.48
873685,1632.84
873685,1631.21
873685,1629.58
873685,1627.96
873685,1626.33
873685,1624.71
873685,1623.09
873685,1621.47
873685,1619.86
873685,1618.25
873685,1616.64
873685,1615.03
873685,1613.42
873685,1611.82
873685,1610.22
873685,1608.62
877039,1607.02
877039,1605.43
877039,1603.84
877039,1602.25
877039,1600.66
877039,1599.08
877039,1597.49
877039,1595.91
877039,1594.34
877039,1592.76
877039,1591.19
877039,1589.62
877039,1588.05
877039,1586.48
877039,1584.92
877039,1583.35
877039,1581.79
877039,1580.24
877039,1578.68
877039,1577.13
877039,1575.58
877039,1574.03
877039,1572.48
893242,1570.94
893242,1569.4
893242,1567.86
893242,1566.32
893242,1564.78
893242,1563.25
893242,1561.72
893242,1560.19
893242,1558.66
893242,1557.14
893242,1555.61
893242,1554.09
893242,1552.58
893242,1551.06
893242,1549.55
893242,1548.04
893242,1546.53
893242,1545.02
893242,1543.51
893242,1542.01
893242,1540.51
893242,1539.01
893242,1537.51
893242,1536.02
893242,1534.53
893242,1533.04
893242,1531.55
893242,1530.06
893242,1528.58
893242,1527.1
893242,1525.62
893242,1524.14
893242,1522.66
893242,1521.19
893242,1519.72
893242,1518.25
893242,1516.78
893242,1515.32
893242,1513.85
893242,1512.39
893242,1510.93
893242,1509.48
893242,1508.02
893242,1506.57
893242,1505.12
893242,1503.67
893242,1502.22
893242,1500.78
893242,1499.33
893242,1497.89
893242,1496.45
893242,1495.02
893242,1493.58
893242,1492.15
893242,1490.72
893242,1489.29
893242,1487.86
893242,1486.44
893242,1485.02
893242,1483.6
893242,1482.18
893242,1480.76
893242,1479.35
893242,1477.93
893242,1476.52
893242,1475.11
893242,1473.71
893242,1472.3
893242,1470.9
893242,1469.5
893242,1468.1
893242,1466.7
893242,1465.31
893242,1463.91
893242,1462.52
893242,1461.13
893242,1459.75
893242,1458.36
893242,1456.98
893242,1455.6
893242,1454.22
893242,1452.84
893242,1451.46
893242,1450.09
893242,1448.72
893242,1447.35
893242,1445.98
893242,1444.61
893242,1443.25
893242,1441.88
893242,1440.52
893242,1439.16
893242,1437.81
893242,1436.45
893242,1435.1
893242,1433.75
893242,1432.4
893242,1431.05
893242,1429.7
893242,1428.36
893242,1427.02
893242,1425.68
893242,1424.34
893242,1423
893242,1421.67
893242,1420.33
893242,1419
893242,1417.67
893242,1416.34
893242,1415.02
893242,1413.7
893242,1412.37
893242,1411.05
893242,1409.73
893242,1408.42
893242,1407.1
893242,1405.79
893242,1404.48
893242,1403.17
893242,1401.86
893242,1400.55
893242,1399.25
893242,1397.95
893242,1396.65
893242,1395.35
893242,1394.05
893242,1392.76
893242,1391.46
893242,1390.17
893242,1388.88
893242,1387.59
893242,1386.31
893242,1385.02
893242,1383.74
893242,1382.46
893242,1381.18
893242,1379.9
893242,1378.62
893242,1377.35
893242,1376.08
893242,1374.8
893242,1373.54
893242,1372.27
893242,1371
893242,1369.74
893242,1368.48
893242,1367.21
893242,1365.96
893242,1364.7
893242,1363.44
893242,1362.19
893242,1360.94
893242,1359.69
893242,1358.44
893242,1357.19
893242,1355.94
893242,1354.7
893242,1353.46
893242,1352.22
893242,1350.98
893242,1349.74
893242,1348.51
893242,1347.27
893242,1346.04
893242,1344.81
893242,1343.58
893242,1342.35
893242,1341.13
893242,1339.9
893242,1338.68
893242,1337.46
893242,1336.24
893242,1335.02
893242,1333.81
893242,1332.59
893242,1331.38
893242,1330.17
893242,1328.96
893242,1327.75
893242,1326.55
893242,1325.34
893242,1324.14
893242,1322.94
893242,1321.74
893242,1320.54
893242,1319.34
893242,1318.15
893242,1316.95
893242,1315.76
893242,1314.57
893242,1313.38
893242,1312.2
893242,1311.01
893242,1309.83
893242,1308.64
893242,1307.46
893242,1306.28
893242,1305.11
893242,1303.93
893242,1302.75
893242,1301.58
893242,1300.41
893242,1299.24
893242,1298.07
893242,1296.9
893242,1295.74
893242,1294.58
893242,1293.41
893242,1292.25
893242,1291.09
893242,1289.94
893242,1288.78
893242,1287.62
893242,1286.47
893242,1285.32
893242,1284.17
893242,1283.02
893242,1281.87
893242,1280.73
893242,1279.58
893242,1278.44
893242,1277.3
893242,1276.16
893242,1275.02
893242,1273.89
893242,1272.75
893242,1271.62
893242,1270.48
893242,1269.35
893242,1268.22
893242,1267.1
893242,1265.97
893242,1264.85
893242,1263.72
893242,1262.6
893242,1261.48
893242,1260.36
893242,1259.24
893242,1258.13
893242,1257.01
893242,1255.9
893242,1254.79
893242,1253.68
893242,1252.57
893242,1251.46
893242,1250.35
893242,1249.25
893242,1248.15
893242,1247.04
893242,1245.94
893242,1244.85
893242,1243.75
893242,1242.65
893242,1241.56
893242,1240.46
893242,1239.37
893242,1238.28
893242,1237.19
893242,1236.11
893242,1235.02
893242,1233.93
893242,1232.85
893242,1231.77
893242,1230.69
893242,1229.61
893242,1228.53
893242,1227.45
893242,1226.38
893242,1225.31
893242,1224.23
893242,1223.16
893242,1222.09
893242,1221.03
893242,1219.96
893242,1218.89
893242,1217.83
893242,1216.77
893242,1215.7
893242,1214.64
893242,1213.59
893242,1212.53
893242,1211.47
893242,1210.42
893242,1209.37
893242,1208.31
893242,1207.26
893242,1206.21
893242,1205.17
893242,1204.12
893242,1203.07
893242,1202.03
893242,1200.99
893242,1199.95
893242,1198.91
893242,1197.87
893242,1196.83
893242,1195.79
893242,1194.76
893242,1193.73
893242,1192.69
893242,1191.66
893242,1190.63
893242,1189.61
893242,1188.58
893242,1187.55
893242,1186.53
893242,1185.51
893242,1184.49
893242,1183.47
893242,1182.45
893242,1181.43
893242,1180.41
893242,1179.4
893242,1178.38
893242,1177.37
893242,1176.36
893242,1175.35
893242,1174.34
893242,1173.33
893242,1172.33
893242,1171.32
893242,1170.32
893242,1169.32
893242,1168.32
893242,1167.32
893242,1166.32
893242,1165.32
893242,1164.32
893242,1163.33
893242,1162.33
893242,1161.34
893242,1160.35
893242,1159.36
893242,1158.37
893242,1157.39
893242,1156.4
893242,1155.41
893242,1154.43
893242,1153.45
893242,1152.47
893242,1151.49
893242,1150.51
893242,1149.53
893242,1148.55
893242,1147.58
893242,1146.6
893242,1145.63
893242,1144.66
893242,1143.69
893242,1142.72
893242,1141.75
893242,1140.79
893242,1139.82
893242,1138.86
893242,1137.89
893242,1136.93
893242,1135.97
893242,1135.01
893242,1134.05
893242,1133.1
893242,1132.14
893242,1131.19
893242,1130.23
893242,1129.28
893242,1128.33
893242,1127.38
893242,1126.43
893242,1125.48
893242,1124.54
893242,1123.59
893242,1122.65
893242,1121.7
893242,1120.76
893242,1119.82
893242,1118.88
893242,1117.94
893242,1117.01
893242,1116.07
893242,1115.13
893242,1114.2
893242,1113.27
893242,1112.34
893242,1111.41
893242,1110.48
893242,1109.55
893242,1108.62
893242,1107.7
893242,1106.77
893242,1105.85
893242,1104.93
893242,1104.01
893242,1103.09
893242,1102.17
893242,1101.25
893242,1100.33
893242,1099.42
893242,1098.5
893242,1097.59
893242,1096.68
893242,1095.77
893242,1094.86
893242,1093.95
893242,1093.04
893242,1092.13
893242,1091.23
893242,1090.32
893242,1089.42
893242,1088.52
893242,1087.62
893242,1086.72
893242,1085.82
893242,1084.92
893242,1084.02
893242,1083.13
893242,1082.23
893242,1081.34
893242,1080.45
893242,1079.55
893242,1078.66
893242,1077.77
893242,1076.89
893242,1076
893242,1075.11
893242,1074.23
893242,1073.35
893242,1072.46
893242,1071.58
893242,1070.7
893242,1069.82
893242,1068.94
893242,1068.06
893242,1067.19
893242,1066.31
893242,1065.44
893242,1064.57
893242,1063.69
893242,1062.82
893242,1061.95
893242,1061.08
893242,1060.22
893242,1059.35
893242,1058.48
893242,1057.62
893242,1056.75
893242,1055.89
893242,1055.03
893242,1054.17
893242,1053.31
893242,1052.45
893242,1051.59
893242,1050.74
893242,1049.88
893242,1049.03
893242,1048.17
893242,1047.32
893242,1046.47
893242,1045.62
893242,1044.77
893242,1043.92
893242,1043.07
893242,1042.23
893242,1041.38
893242,1040.54
893242,1039.7
893242,1038.85
893242,1038.01
893242,1037.17
893242,1036.33
893242,1035.49
893242,1034.66
893242,1033.82
893242,1032.99
893242,1032.15
893242,1031.32
893242,1030.49
893242,1029.65
893242,1028.82
893242,1027.99
893242,1027.17
893242,1026.34
893242,1025.51
893242,1024.69
893242,1023.86
893242,1023.04
893242,1022.22
893242,1021.39
893242,1020.57
893242,1019.75
893242,1018.94
893242,1018.12
893242,1017.3
893242,1016.49
893242,1015.67
893242,1014.86
893242,1014.04
893242,1013.23
893242,1012.42
893242,1011.61
893242,1010.8
893242,1009.99
893242,1009.19
893242,1008.38
893242,1007.58
893242,1006.77
893242,1005.97
893242,1005.17
893242,1004.36
893242,1003.56
893242,1002.76
893242,1001.97
893242,1001.17
893242,1000.37
893242,999.576
893242,998.781
893242,997.987
893242,997.194
893242,996.402
893242,995.611
893242,994.821
893242,994.032
893242,993.243
893242,992.456
893242,991.669
893242,990.884
893242,990.099
893242,989.315
893242,988.532
893242,987.75
893242,986.969
893242,986.189
893242,985.41
893242,984.632
893242,983.854
893242,983.078
893242,982.302
893242,981.527
893242,980.754
893242,979.981
893242,979.209
893242,978.438
893242,977.667
893242,976.898
893242,976.13
893242,975.362
893242,974.596
893242,973.83
893242,973.065
893242,972.301
893242,971.538
893242,970.776
893242,970.014
893242,969.254
893242,968.494
893242,967.736
893242,966.978
893242,966.221
893242,965.465
893242,964.709
893242,963.955
893242,963.202
893242,962.449
893242,961.697
893242,960.946
893242,960.196
893242,959.447
893242,958.699
893242,957.952
893242,957.205
893242,956.459
893242,955.715
893242,954.971
893242,954.227
893242,953.485
893242,952.744
893242,952.003
893242,951.263
893242,950.525
893242,949.787
893242,949.049
893242,948.313
893242,947.577
893242,946.843
893242,946.109
893242,945.376
893242,944.644
893242,943.913
893242,943.182
893242,942.452
893242,941.724
893242,940.996
893242,940.269
893242,939.542
893242,938.817
893242,938.092
893242,937.368
893242,936.645
893242,935.923
893242,935.202
893242,934.481
893242,933.761
893242,933.042
893242,932.324
893242,931.607
893242,930.891
893242,930.175
893242,929.46
893242,928.746
893242,928.033
893242,927.32
893242,926.609
893242,925.898
893242,925.188
893242,924.479
893242,923.77
893242,923.063
893242,922.356
893242,921.65
893242,920.945
893242,920.24
893242,919.537
893242,918.834
893242,918.132
893242,917.431
893242,916.73
893242,916.031
893242,915.332
893242,914.634
893242,913.936
893242,913.24
893242,912.544
893242,911.849
893242,911.155
893242,910.462
893242,909.769
893242,909.077
893242,908.386
893242,907.696
893242,907.006
893242,906.318
893242,905.63
893242,904.942
893242,904.256
893242,903.57
893242,902.885
893242,902.201
893242,901.518
893242,900.835
893242,900.154
893242,899.473
893242,898.792
893242,898.113
893242,897.434
893242,896.756
893242,896.079
893242,895.402
893242,894.726
893242,894.051
893242,893.377
893242,892.704
893242,892.031
893242,891.359
893242,890.688
893242,890.017
893242,889.347
893242,888.678
893242,888.01
893242,887.342
893242,886.676
893242,886.01
893242,885.344
893242,884.68
893242,884.016
893242,883.353
893242,882.69
893242,882.029
893242,881.368
893242,880.708
893242,880.048
893242,879.389
893242,878.731
893242,878.074
893242,877.418
893242,876.762
893242,876.107
893242,875.452
893242,874.799
893242,874.146
893242,873.494
893242,872.842
893242,872.191
893242,871.541
893242,870.892
893242,870.243
893242,869.595
893242,868.948
893242,868.302
893242,867.656
893242,867.011
893242,866.366
893242,865.723
893242,865.08
893242,864.438
893242,863.796
893242,863.155
893242,862.515
893242,861.876
893242,861.237
893242,860.599
893242,859.962
893242,859.325
893242,858.689
893242,858.054
893242,857.419
893242,856.785
893242,856.152
893242,855.52
893242,854.888
893242,854.257
893242,853.626
893242,852.997
893242,852.368
893242,851.739
893242,851.112
893242,850.485
893242,849.858
893242,849.233
893242,848.608
893242,847.984
893242,847.36
893242,846.737
893242,846.115
893242,845.493
893242,844.872
893242,844.252
893242,843.633
893242,843.014
893242,842.396
893242,841.778
893242,841.161
893242,840.545
893242,839.93
893242,839.315
893242,838.701
893242,838.087
893242,837.474
893242,836.862
893242,836.25
893242,835.64
893242,835.029
893242,834.42
893242,833.811
893242,833.203
893242,832.595
893242,831.988
893242,831.382
893242,830.776
893242,830.171
893242,829.567
893242,828.963
893242,828.36
893242,827.758
893242,827.156
893242,826.555
893242,825.955
893242,825.355
893242,824.756
893242,824.157
893242,823.559
893242,822.962
893242,822.366
893242,821.77
893242,821.174
893242,820.58
893242,819.986
893242,819.392
893242,818.8
893242,818.207
893242,817.616
893242,817.025
893242,816.435
893242,815.845
893242,815.256
893242,814.668
893242,814.08
893242,813.493
893242,812.907
893242,812.321
893242,811.736
893242,811.151
893242,810.567
893242,809.984
893242,809.401
893242,808.819
893242,808.237
893242,807.657
893242,807.076
893242,806.497
893242,805.918
893242,805.339
893242,804.762
893242,804.184
893242,803.608
893242,803.032
893242,802.456
893242,801.882
893242,801.308
893242,800.734
893242,800.161
893242,799.589
893242,799.017
893242,798.446
893242,797.876
893242,797.306
893242,796.736
893242,796.168
893242,795.6
893242,795.032
893242,794.465
893242,793.899
893242,793.333
893242,792.768
893242,792.204
893242,791.64
893242,791.077
893242,790.514
893242,789.952
893242,789.39
893242,788.829
893242,788.269
893242,787.709
893242,787.15
893242,786.591
893242,786.033
893242,785.476
893242,784.919
893242,784.363
893242,783.807
893242,783.252
893242,782.698
893242,782.144
893242,781.59
893242,781.038
893242,780.485
893242,779.934
893242,779.383
893242,778.832
893242,778.282
893242,777.733
893242,777.184
893242,776.636
893242,776.089
893242,775.542
893242,774.995
893242,774.449
893242,773.904
893242,773.359
893242,772.815
893242,772.271
893242,771.728
893242,771.186
893242,770.644
893242,770.103
893242,769.562
893242,769.022
893242,768.482
893242,767.943
893242,767.404
893242,766.866
893242,766.329
893242,765.792
893242,765.256
893242,764.72
893242,764.185
893242,763.65
893242,763.116
893242,762.583
893242,762.05
893242,761.517
893242,760.985
893242,760.454
893242,759.923
893242,759.393
893242,758.863
893242,758.334
893242,757.805
893242,757.277
893242,756.75
893242,756.223
893242,755.696
893242,755.171
893242,754.645
893242,754.12
893242,753.596
893242,753.072
893242,752.549
893242,752.027
893242,751.505
893242,750.983
893242,750.462
893242,749.941
893242,749.421
893242,748.902
893242,748.383
893242,747.865
893242,747.347
893242,746.83
893242,746.313
893242,745.797
893242,745.281
893242,744.766
893242,744.251
893242,743.737
893242,743.223
893242,742.71
893242,742.198
893242,741.686
893242,741.174
893242,740.663
893242,740.153
893242,739.643
893242,739.133
893242,738.624
893242,738.116
893242,737.608
893242,737.101
893242,736.594
893242,736.088
893242,735.582
893242,735.076
893242,734.572
893242,734.067
893242,733.564
893242,733.06
893242,732.558
893242,732.055
893242,731.554
893242,731.053
893242,730.552
893242,730.052
893242,729.552
893242,729.053
893242,728.554
893242,728.056
893242,727.558
893242,727.061
893242,726.565
893242,726.068
893242,725.573
893242,725.078
893242,724.583
893242,724.089
893242,723.595
893242,723.102
893242,722.609
893242,722.117
893242,721.626
893242,721.134
893242,720.644
893242,720.154
893242,719.664
893242,719.175
893242,718.686
893242,718.198
893242,717.71
893242,717.223
893242,716.736
893242,716.25
893242,715.764
893242,715.279
893242,714.794
893242,714.31
893242,713.826
893242,713.343
893242,712.86
893242,712.378
893242,711.896
893242,711.414
893242,710.933
893242,710.453
893242,709.973
893242,709.494
893242,709.015
893242,708.536
893242,708.058
893242,707.581
893242,707.103
893242,706.627
893242,706.151
893242,705.675
893242,705.2
893242,704.725
893242,704.251
893242,703.777
893242,703.304
893242,702.831
893242,702.359
893242,701.887
893242,701.416
893242,700.945
893242,700.474
893242,700.004
893242,699.535
893242,699.066
893242,698.597
893242,698.129
893242,697.661
893242,697.194
893242,696.727
893242,696.261
893242,695.795
893242,695.33
893242,694.865
893242,694.401
893242,693.937
893242,693.473
893242,693.01
893242,692.548
893242,692.086
893242,691.624
893242,691.163
893242,690.702
893242,690.242
893242,689.782
893242,689.322
893242,688.863
893242,688.405
893242,687.947
893242,687.489
893242,687.032
893242,686.575
893242,686.119
893242,685.663
893242,685.208
893242,684.753
893242,684.299
893242,683.845
893242,683.391
893242,682.938
893242,682.485
893242,682.033
893242,681.581
893242,681.13
893242,680.679
893242,680.229
893242,679.779
893242,679.329
893242,678.88
893242,678.431
893242,677.983
893242,677.535
893242,677.088
893242,676.641
893242,676.195
893242,675.749
893242,675.303
893242,674.858
893242,674.413
893242,673.969
893242,673.525
893242,673.082
893242,672.639
893242,672.196
893242,671.754
893242,671.312
893242,670.871
893242,670.43
893242,669.99
893242,669.55
893242,669.11
893242,668.671
893242,668.232
893242,667.794
893242,667.356
893242,666.919
893242,666.482
893242,666.045
893242,665.609
893242,665.173
893242,664.738
893242,664.303
893242,663.868
893242,663.434
893242,663.001
893242,662.568
893242,662.135
893242,661.702
893242,661.27
893242,660.839
893242,660.408
893242,659.977
893242,659.547
893242,659.117
893242,658.687
893242,658.258
893242,657.83
893242,657.402
893242,656.974
893242,656.546
893242,656.119
893242,655.693
893242,655.267
893242,654.841
893242,654.416
893242,653.991
893242,653.566
893242,653.142
893242,652.719
893242,652.295
893242,651.872
893242,651.45
893242,651.028
893242,650.606
893242,650.185
893242,649.764
893242,649.344
893242,648.924
893242,648.504
893242,648.085
893242,647.666
893242,647.247
893242,646.829
893242,646.412
893242,645.995
893242,645.578
893242,645.161
893242,644.745
893242,644.33
893242,643.914
893242,643.5
893242,643.085
893242,642.671
893242,642.257
893242,641.844
893242,641.431
893242,641.019
893242,640.607
893242,640.195
893242,639.784
893242,639.373
893242,638.962
893242,638.552
893242,638.142
893242,637.733
893242,637.324
893242,636.916
893242,636.507
893242,636.1
893242,635.692
893242,635.285
893242,634.879
893242,634.472
893242,634.067
893242,633.661
893242,633.256
893242,632.851
893242,632.447
893242,632.043
893242,631.64
893242,631.236
893242,630.834
893242,630.431
893242,630.029
893242,629.627
893242,629.226
893242,628.825
893242,628.425
893242,628.025
893242,627.625
893242,627.226
893242,626.827
893242,626.428
893242,626.03
893242,625.632
893242,625.234
893242,624.837
893242,624.441
893242,624.044
893242,623.648
893242,623.253
893242,622.857
893242,622.462
893242,622.068
893242,621.674
893242,621.28
893242,620.887
893242,620.494
893242,620.101
893242,619.709
893242,619.317
893242,618.925
893242,618.534
893242,618.143
893242,617.753
893242,617.363
893242,616.973
893242,616.584
893242,616.195
893242,615.806
893242,615.418
893242,615.03
893242,614.642
893242,614.255
893242,613.868
893242,613.482
893242,613.096
893242,612.71
893242,612.325
893242,611.94
893242,611.555
893242,611.171
893242,610.787
893242,610.403
893242,610.02
893242,609.637
893242,609.255
893242,608.872
893242,608.491
893242,608.109
893242,607.728
893242,607.347
893242,606.967
893242,606.587
893242,606.207
893242,605.828
893242,605.449
893242,605.07
893242,604.692
893242,604.314
893242,603.937
893242,603.559
893242,603.183
893242,602.806
893242,602.43
893242,602.054
893242,601.679
893242,601.304
893242,600.929
893242,600.554
893242,600.18
893242,599.807
893242,599.433
893242,599.06
893242,598.687
893242,598.315
893242,597.943
893242,597.571
893242,597.2
893242,596.829
893242,596.458
893242,596.088
893242,595.718
893242,595.349
893242,594.979
893242,594.61
893242,594.242
893242,593.874
893242,593.506
893242,593.138
893242,592.771
893242,592.404
893242,592.037
893242,591.671
893242,591.305
893242,590.94
893242,590.574
893242,590.21
893242,589.845
893242,589.481
893242,589.117
893242,588.753
893242,588.39
893242,588.027
893242,587.665
893242,587.302
893242,586.941
893242,586.579
893242,586.218
893242,585.857
893242,585.496
893242,585.136
893242,584.776
893242,584.417
893242,584.057
893242,583.698
893242,583.34
893242,582.982
893242,582.624
893242,582.266
893242,581.909
893242,581.552
893242,581.195
893242,580.839
893242,580.483
893242,580.127
893242,579.772
893242,579.417
893242,579.062
893242,578.708
893242,578.354
893242,578
893242,577.646
893242,577.293
893242,576.941
893242,576.588
893242,576.236
893242,575.884
893242,575.533
893242,575.182
893242,574.831
893242,574.48
893242,574.13
893242,573.78
893242,573.43
893242,573.081
893242,572.732
893242,572.384
893242,572.035
893242,571.687
893242,571.34
893242,570.992
893242,570.645
893242,570.298
893242,569.952
893242,569.606
893242,569.26
893242,568.914
893242,568.569
893242,568.224
893242,567.88
893242,567.536
893242,567.192
893242,566.848
893242,566.505
893242,566.162
893242,565.819
893242,565.476
893242,565.134
893242,564.793
893242,564.451
893242,564.11
893242,563.769
893242,563.428
893242,563.088
893242,562.748
893242,562.409
893242,562.069
893242,561.73
893242,561.391
893242,561.053
893242,560.715
893242,560.377
893242,560.04
893242,559.702
893242,559.365
893242,559.029
893242,558.692
893242,558.356
893242,558.021
893242,557.685
893242,557.35
893242,557.015
893242,556.681
893242,556.347
893242,556.013
893242,555.679
893242,555.346
893242,555.013
893242,554.68
893242,554.347
893242,554.015
893242,553.683
893242,553.352
893242,553.021
893242,552.69
893242,552.359
893242,552.029
893242,551.699
893242,551.369
893242,551.039
893242,550.71
893242,550.381
893242,550.053
893242,549.724
893242,549.396
893242,549.068
893242,548.741
893242,548.414
893242,548.087
893242,547.76
893242,547.434
893242,547.108
893242,546.782
893242,546.457
893242,546.132
893242,545.807
893242,545.482
893242,545.158
893242,544.834
893242,544.51
893242,544.187
893242,543.864
893242,543.541
893242,543.218
893242,542.896
893242,542.574
893242,542.252
893242,541.931
893242,541.61
893242,541.289
893242,540.968
893242,540.648
893242,540.328
893242,540.008
893242,539.689
893242,539.369
893242,539.051
893242,538.732
893242,538.414
893242,538.096
893242,537.778
893242,537.46
893242,537.143
893242,536.826
893242,536.509
893242,536.193
893242,535.877
893242,535.561
893242,535.246
893242,534.93
893242,534.615
893242,534.3
893242,533.986
893242,533.672
893242,533.358
893242,533.044
893242,532.731
893242,532.418
893242,532.105
893242,531.793
893242,531.48
893242,531.168
893242,530.857
893242,530.545
893242,530.234
893242,529.923
893242,529.612
893242,529.302
893242,528.992
893242,528.682
893242,528.373
893242,528.063
893242,527.754
893242,527.445
893242,527.137
893242,526.829
893242,526.521
893242,526.213
893242,525.906
893242,525.599
893242,525.292
893242,524.985
893242,524.679
893242,524.373
893242,524.067
893242,523.761
893242,523.456
893242,523.151
893242,522.846
893242,522.542
893242,522.238
893242,521.934
893242,521.63
893242,521.326
893242,521.023
893242,520.72
893242,520.418
893242,520.115
893242,519.813
893242,519.511
893242,519.21
893242,518.908
893242,518.607
893242,518.306
893242,518.006
893242,517.706
893242,517.405
893242,517.106
893242,516.806
893242,516.507
893242,516.208
893242,515.909
893242,515.611
893242,515.312
893242,515.014
893242,514.717
893242,514.419
893242,514.122
893242,513.825
893242,513.528
893242,513.232
893242,512.936
893242,512.64
893242,512.344
893242,512.048
893242,511.753
893242,511.458
893242,511.164
893242,510.869
893242,510.575
893242,510.281
893242,509.987
893242,509.694
893242,509.401
893242,509.108
893242,508.815
893242,508.523
893242,508.231
893242,507.939
893242,507.647
893242,507.356
893242,507.064
893242,506.773
893242,506.483
893242,506.192
893242,505.902
893242,505.612
893242,505.323
893242,505.033
893242,504.744
893242,504.455
893242,504.166
893242,503.878
893242,503.59
893242,503.302
893242,503.014
893242,502.726
893242,502.439
893242,502.152
893242,501.865
893242,501.579
893242,501.293
893242,501.007
893242,500.721
893242,500.435
893242,500.15
893242,499.865
893242,499.58
893242,499.296
893242,499.011
893242,498.727
893242,498.443
893242,498.16
893242,497.876
893242,497.593
893242,497.31
893242,497.028
893242,496.745
893242,496.463
893242,496.181
893242,495.9
893242,495.618
893242,495.337
893242,495.056
893242,494.775
893242,494.495
893242,494.214
893242,493.934
893242,493.655
893242,493.375
893242,493.096
893242,492.817
893242,492.538
893242,492.259
893242,491.981
893242,491.703
893242,491.425
893242,491.147
893242,490.869
893242,490.592
893242,490.315
893242,490.038
893242,489.762
893242,489.486
893242,489.21
893242,488.934
893242,488.658
893242,488.383
893242,488.108
893242,487.833
893242,487.558
893242,487.284
893242,487.009
893242,486.735
893242,486.462
893242,486.188
893242,485.915
893242,485.642
893242,485.369
893242,485.096
893242,484.824
893242,484.552
893242,484.28
893242,484.008
893242,483.737
893242,483.465
893242,483.194
893242,482.924
893242,482.653
893242,482.383
893242,482.113
893242,481.843
893242,481.573
893242,481.304
893242,481.034
893242,480.765
893242,480.497
893242,480.228
893242,479.96
893242,479.692
893242,479.424
893242,479.156
893242,478.889
893242,478.621
893242,478.354
893242,478.088
893242,477.821
893242,477.555
893242,477.289
893242,477.023
893242,476.757
893242,476.492
893242,476.226
893242,475.961
893242,475.697
893242,475.432
893242,475.168
893242,474.904
893242,474.64
893242,474.376
893242,474.112
893242,473.849
893242,473.586
893242,473.323
893242,473.061
893242,472.798
893242,472.536
893242,472.274
893242,472.012
893242,471.751
893242,471.49
893242,471.229
893242,470.968
893242,470.707
893242,470.447
893242,470.186
893242,469.926
893242,469.666
893242,469.407
893242,469.147
893242,468.888
893242,468.629
893242,468.371
893242,468.112
893242,467.854
893242,467.596
893242,467.338
893242,467.08
893242,466.823
893242,466.565
893242,466.308
893242,466.051
893242,465.795
893242,465.538
893242,465.282
893242,465.026
893242,464.77
893242,464.515
893242,464.259
893242,464.004
893242,463.749
893242,463.495
893242,463.24
893242,462.986
893242,462.732
893242,462.478
893242,462.224
893242,461.97
893242,461.717
893242,461.464
893242,461.211
893242,460.959
893242,460.706
893242,460.454
893242,460.202
893242,459.95
893242,459.698
893242,459.447
893242,459.196
893242,458.945
893242,458.694
893242,458.443
893242,458.193
893242,457.942
893242,457.692
893242,457.443
893242,457.193
893242,456.944
893242,456.694
893242,456.445
893242,456.197
893242,455.948
893242,455.7
893242,455.451
893242,455.203
893242,454.956
893242,454.708
893242,454.461
893242,454.213
893242,453.966
893242,453.72
893242,453.473
893242,453.227
893242,452.98
893242,452.734
893242,452.489
893242,452.243
893242,451.998
893242,451.752
893242,451.507
893242,451.263
893242,451.018
893242,450.774
893242,450.529
893242,450.285
893242,450.042
893242,449.798
893242,449.555
893242,449.311
893242,449.068
893242,448.825
893242,448.583
893242,448.34
893242,448.098
893242,447.856
893242,447.614
893242,447.373
893242,447.131
893242,446.89
893242,446.649
893242,446.408
893242,446.167
893242,445.927
893242,445.686
893242,445.446
893242,445.206
893242,444.967
893242,444.727
893242,444.488
893242,444.248
893242,444.009
893242,443.771
893242,443.532
893242,443.294
893242,443.056
893242,442.818
893242,442.58
893242,442.342
893242,442.105
893242,441.867
893242,441.63
893242,441.393
893242,441.157
893242,440.92
893242,440.684
893242,440.448
893242,440.212
893242,439.976
893242,439.741
893242,439.505
893242,439.27
893242,439.035
893242,438.8
893242,438.566
893242,438.331
893242,438.097
893242,437.863
893242,437.629
893242,437.395
893242,437.162
893242,436.928
893242,436.695
893242,436.462
893242,436.23
893242,435.997
893242,435.765
893242,435.532
893242,435.3
893242,435.069
893242,434.837
893242,434.605
893242,434.374
893242,434.143
893242,433.912
893242,433.681
893242,433.451
893242,433.22
893242,432.99
893242,432.76
893242,432.53
893242,432.301
893242,432.071
893242,431.842
893242,431.613
893242,431.384
893242,431.155
893242,430.927
893242,430.698
893242,430.47
893242,430.242
893242,430.014
893242,429.787
893242,429.559
893242,429.332
893242,429.105
893242,428.878
893242,428.651
893242,428.424
893242,428.198
893242,427.972
893242,427.746
893242,427.52
893242,427.294
893242,427.069
893242,426.843
893242,426.618
893242,426.393
893242,426.168
893242,425.944
893242,425.719
893242,425.495
893242,425.271
893242,425.047
893242,424.823
893242,424.6
893242,424.376
893242,424.153
893242,423.93
893242,423.707
893242,423.484
893242,423.262
893242,423.039
893242,422.817
893242,422.595
893242,422.373
893242,422.152
893242,421.93
893242,421.709
893242,421.488
893242,421.267
893242,421.046
893242,420.825
893242,420.605
893242,420.385
893242,420.165
893242,419.945
893242,419.725
893242,419.505
893242,419.286
893242,419.067
893242,418.847
893242,418.629
893242,418.41
893242,418.191
893242,417.973
893242,417.755
893242,417.537
893242,417.319
893242,417.101
893242,416.883
893242,416.666
893242,416.449
893242,416.232
893242,416.015
893242,415.798
893242,415.582
893242,415.365
893242,415.149
893242,414.933
893242,414.717
893242,414.501
893242,414.286
893242,414.07
893242,413.855
893242,413.64
893242,413.425
893242,413.211
893242,412.996
893242,412.782
893242,412.567
893242,412.353
893242,412.14
893242,411.926
893242,411.712
893242,411.499
893242,411.286
893242,411.073
893242,410.86
893242,410.647
893242,410.434
893242,410.222
893242,410.01
893242,409.798
893242,409.586
893242,409.374
893242,409.163
893242,408.951
893242,408.74
893242,408.529
893242,408.318
893242,408.107
893242,407.896
893242,407.686
893242,407.476
893242,407.266
893242,407.056
893242,406.846
893242,406.636
893242,406.427
893242,406.217
893242,406.008
893242,405.799
893242,405.59
893242,405.382
893242,405.173
893242,404.965
893242,404.757
893242,404.549
893242,404.341
893242,404.133
893242,403.925
893242,403.718
893242,403.511
893242,403.304
893242,403.097
893242,402.89
893242,402.683
893242,402.477
893242,402.271
893242,402.065
893242,401.859
893242,401.653
893242,401.447
893242,401.242
893242,401.036
893242,400.831
893242,400.626
893242,400.421
893242,400.216
893242,400.012
893242,399.807
893242,399.603
893242,399.399
893242,399.195
893242,398.991
893242,398.788
893242,398.584
893242,398.381
893242,398.178
893242,397.975
893242,397.772
893242,397.569
893242,397.367
893242,397.164
893242,396.962
893242,396.76
893242,396.558
893242,396.356
893242,396.154
893242,395.953
893242,395.752
893242,395.55
893242,395.349
893242,395.149
893242,394.948
893242,394.747
893242,394.547
893242,394.347
893242,394.146
893242,393.946
893242,393.747
893242,393.547
893242,393.347
893242,393.148
893242,392.949
893242,392.75
893242,392.551
893242,392.352
893242,392.154
893242,391.955
893242,391.757
893242,391.559
893242,391.361
893242,391.163
893242,390.965
893242,390.767
893242,390.57
893242,390.373
893242,390.176
893242,389.979
893242,389.782
893242,389.585
893242,389.389
893242,389.192
893242,388.996
893242,388.8
893242,388.604
893242,388.408
893242,388.213
893242,388.017
893242,387.822
893242,387.627
893242,387.431
893242,387.237
893242,387.042
893242,386.847
893242,386.653
893242,386.458
893242,386.264
893242,386.07
893242,385.876
893242,385.683
893242,385.489
893242,385.295
893242,385.102
893242,384.909
893242,384.716
893242,384.523
893242,384.33
893242,384.138
893242,383.945
893242,383.753
893242,383.561
893242,383.369
893242,383.177
893242,382.985
893242,382.794
893242,382.602
893242,382.411
893242,382.22
893242,382.029
893242,381.838
893242,381.647
893242,381.457
893242,381.266
893242,381.076
893242,380.886
893242,380.696
893242,380.506
893242,380.316
893242,380.126
893242,379.937
893242,379.748
893242,379.558
893242,379.369
893242,379.18
893242,378.992
893242,378.803
893242,378.615
893242,378.426
893242,378.238
893242,378.05
893242,377.862
893242,377.674
893242,377.487
893242,377.299
893242,377.112
893242,376.925
893242,376.737
893242,376.551
893242,376.364
893242,376.177
893242,375.991
893242,375.804
893242,375.618
893242,375.432
893242,375.246
893242,375.06
893242,374.874
893242,374.689
893242,374.503
893242,374.318
893242,374.133
893242,373.948
893242,373.763
893242,373.578
893242,373.393
893242,373.209
893242,373.025
893242,372.84
893242,372.656
893242,372.472
893242,372.289
893242,372.105
893242,371.921
893242,371.738
893242,371.555
893242,371.372
893242,371.189
893242,371.006
893242,370.823
893242,370.64
893242,370.458
893242,370.276
893242,370.093
893242,369.911
893242,369.729
893242,369.548
893242,369.366
893242,369.185
893242,369.003
893242,368.822
893242,368.641
893242,368.46
893242,368.279
